ID,Tolid,Tool,True Positives (TP),False Positives (FP),False Negatives (FN),True Negatives (TN),Precision,Recall,Accuracy,F1-score,Reference TP,Reference TN,Non classified,Reference chromosome scaffolds,Chromosome scaffolds classified
RC-2013,daFilPyra1,fcs,158,687,0,5231,0.18698224852071005,1.0,0.8869321922317314,0.3150548354935194,158,5918,-,94,94
RC-2013,daFilPyra1,tiara,158,5898,0,20,0.02608982826948481,1.0,0.029295589203423306,0.05085291277759897,158,5918,-,94,94
RC-2013,daFilPyra1,fcs+tiara,158,678,0,5240,0.18899521531100477,1.0,0.8884134298880842,0.317907444668008,158,5918,-,94,94
RC-2013,daFilPyra1,sourmash_without_filters,144,1762,14,4156,0.07555089192025184,0.9113924050632911,0.7077024358130349,0.13953488372093026,158,5918,29,94,94
RC-2013,daFilPyra1,sourmash_db_filter_published_assembly,136,827,22,5091,0.14122533748701974,0.8607594936708861,0.8602699144173799,0.24264049955396969,158,5918,36,94,93
RC-2013,daFilPyra1,sourmash_db_filter_topN_3,128,665,30,5253,0.1614123581336696,0.810126582278481,0.8856155365371955,0.2691903259726604,158,5918,36,94,93
RC-2013,daFilPyra1,sourmash_db_filter_topN_10,129,673,29,5245,0.16084788029925187,0.8164556962025317,0.8844634628044766,0.26875,158,5918,36,94,93
RC-2013,daFilPyra1,sourmash_db_filter_topN_50,131,753,27,5165,0.14819004524886878,0.8291139240506329,0.8716260697827518,0.2514395393474088,158,5918,36,94,93
RC-2013,daFilPyra1,sourmash_db_filter_topN_100,131,764,27,5154,0.1463687150837989,0.8291139240506329,0.869815668202765,0.24881291547958218,158,5918,36,94,93
RC-2013,daFilPyra1,sourmash_db_filter_containment_0%,131,796,27,5122,0.1413160733549083,0.8291139240506329,0.8645490454246214,0.24147465437788018,158,5918,36,94,93
RC-2013,daFilPyra1,sourmash_db_filter_containment_1%,131,796,27,5122,0.1413160733549083,0.8291139240506329,0.8645490454246214,0.24147465437788018,158,5918,36,94,93
RC-2013,daFilPyra1,sourmash_db_filter_containment_10%,128,671,30,5247,0.16020025031289112,0.810126582278481,0.8846280447662936,0.26750261233019856,158,5918,36,94,93
RC-2013,daFilPyra1,sourmash_db_filter_containment_20%,107,660,51,5258,0.1395045632333768,0.6772151898734177,0.8829822251481237,0.23135135135135135,158,5918,36,94,76
RC-2013,daFilPyra1,sourmash_db_filter_kmers_2,129,759,29,5159,0.14527027027027026,0.8164556962025317,0.8703094140882159,0.24665391969407263,158,5918,36,94,93
RC-2013,daFilPyra1,sourmash_db_filter_kmers_10,127,670,31,5248,0.15934755332496864,0.8037974683544303,0.8846280447662936,0.2659685863874346,158,5918,36,94,93
RC-2013,daFilPyra1,sourmash_db_filter_kmers_50,26,649,132,5269,0.03851851851851852,0.16455696202531644,0.8714614878209348,0.06242496998799521,158,5918,36,94,21
RC-2013,daFilPyra1,sourmash_db_filter_kmers_100,21,620,137,5298,0.0327613104524181,0.13291139240506328,0.8754114549045424,0.052565707133917394,158,5918,36,94,20
RC-2016,gfHygHelo1,fcs,91,201,0,1836,0.3116438356164384,1.0,0.9055451127819549,0.47519582245430814,91,2037,-,55,55
RC-2016,gfHygHelo1,tiara,91,291,0,1746,0.23821989528795812,1.0,0.8632518796992481,0.3847780126849894,91,2037,-,55,55
RC-2016,gfHygHelo1,fcs+tiara,91,171,0,1866,0.3473282442748092,1.0,0.9196428571428571,0.5155807365439093,91,2037,-,55,55
RC-2016,gfHygHelo1,sourmash_without_filters,91,1308,0,729,0.06504646175839886,1.0,0.38533834586466165,0.12214765100671142,91,2037,1204,55,55
RC-2016,gfHygHelo1,sourmash_db_filter_published_assembly,91,1308,0,729,0.06504646175839886,1.0,0.38533834586466165,0.12214765100671142,91,2037,1204,55,55
RC-2016,gfHygHelo1,sourmash_db_filter_topN_3,35,152,56,1885,0.18716577540106952,0.38461538461538464,0.9022556390977443,0.2517985611510791,91,2037,1204,55,34
RC-2016,gfHygHelo1,sourmash_db_filter_topN_10,35,153,56,1884,0.18617021276595744,0.38461538461538464,0.9017857142857143,0.25089605734767023,91,2037,1204,55,34
RC-2016,gfHygHelo1,sourmash_db_filter_topN_50,35,153,56,1884,0.18617021276595744,0.38461538461538464,0.9017857142857143,0.25089605734767023,91,2037,1204,55,34
RC-2016,gfHygHelo1,sourmash_db_filter_topN_100,35,153,56,1884,0.18617021276595744,0.38461538461538464,0.9017857142857143,0.25089605734767023,91,2037,1204,55,34
RC-2016,gfHygHelo1,sourmash_db_filter_containment_0%,36,159,55,1878,0.18461538461538463,0.3956043956043956,0.8994360902255639,0.25174825174825183,91,2037,1204,55,34
RC-2016,gfHygHelo1,sourmash_db_filter_containment_1%,36,159,55,1878,0.18461538461538463,0.3956043956043956,0.8994360902255639,0.25174825174825183,91,2037,1204,55,34
RC-2016,gfHygHelo1,sourmash_db_filter_containment_10%,36,2,55,2035,0.9473684210526315,0.3956043956043956,0.9732142857142857,0.5581395348837208,91,2037,1204,55,34
RC-2016,gfHygHelo1,sourmash_db_filter_containment_20%,35,0,56,2037,1.0,0.38461538461538464,0.9736842105263158,0.5555555555555556,91,2037,1204,55,34
RC-2016,gfHygHelo1,sourmash_db_filter_kmers_2,36,141,55,1896,0.2033898305084746,0.3956043956043956,0.9078947368421053,0.26865671641791045,91,2037,1204,55,34
RC-2016,gfHygHelo1,sourmash_db_filter_kmers_10,35,1,56,2036,0.9722222222222222,0.38461538461538464,0.9732142857142857,0.5511811023622047,91,2037,1204,55,34
RC-2016,gfHygHelo1,sourmash_db_filter_kmers_50,1,0,90,2037,1.0,0.01098901098901099,0.9577067669172933,0.02173913043478261,91,2037,1204,55,0
RC-2016,gfHygHelo1,sourmash_db_filter_kmers_100,1,0,90,2037,1.0,0.01098901098901099,0.9577067669172933,0.02173913043478261,91,2037,1204,55,0
RC-2061,dcPolTetr1,fcs,335,1208,0,311,0.21710952689565782,1.0,0.3484358144552319,0.3567625133120341,335,1519,-,55,43
RC-2061,dcPolTetr1,tiara,335,1183,0,336,0.2206851119894598,1.0,0.36192017259978426,0.3615758229897464,335,1519,-,55,43
RC-2061,dcPolTetr1,fcs+tiara,335,1195,0,324,0.21895424836601307,1.0,0.3554476806903991,0.3592493297587131,335,1519,-,55,43
RC-2061,dcPolTetr1,sourmash_without_filters,335,1420,0,99,0.1908831908831909,1.0,0.23408845738942827,0.32057416267942584,335,1519,237,55,48
RC-2061,dcPolTetr1,sourmash_db_filter_published_assembly,326,1420,9,99,0.18671248568155785,0.9731343283582089,0.22923408845738943,0.3133109082172033,335,1519,319,55,48
RC-2061,dcPolTetr1,sourmash_db_filter_topN_3,230,1178,105,341,0.16335227272727273,0.6865671641791045,0.307982740021575,0.263912794033276,335,1519,319,55,27
RC-2061,dcPolTetr1,sourmash_db_filter_topN_10,234,1179,101,340,0.16560509554140126,0.6985074626865672,0.30960086299892126,0.26773455377574373,335,1519,319,55,27
RC-2061,dcPolTetr1,sourmash_db_filter_topN_50,236,1180,99,339,0.16666666666666666,0.7044776119402985,0.31014023732470336,0.26956025128498,335,1519,319,55,27
RC-2061,dcPolTetr1,sourmash_db_filter_topN_100,239,1182,96,337,0.16819141449683322,0.7134328358208956,0.3106796116504854,0.27220956719817774,335,1519,319,55,28
RC-2061,dcPolTetr1,sourmash_db_filter_containment_0%,244,1183,91,336,0.17098808689558515,0.7283582089552239,0.31283710895361383,0.2769580022701476,335,1519,319,55,28
RC-2061,dcPolTetr1,sourmash_db_filter_containment_1%,244,1183,91,336,0.17098808689558515,0.7283582089552239,0.31283710895361383,0.2769580022701476,335,1519,319,55,28
RC-2061,dcPolTetr1,sourmash_db_filter_containment_10%,227,1169,108,350,0.16260744985673353,0.6776119402985075,0.3112189859762675,0.2622761409589832,335,1519,319,55,27
RC-2061,dcPolTetr1,sourmash_db_filter_containment_20%,222,777,113,742,0.2222222222222222,0.6626865671641791,0.5199568500539374,0.3328335832083958,335,1519,319,55,15
RC-2061,dcPolTetr1,sourmash_db_filter_kmers_2,232,1183,103,336,0.16395759717314487,0.6925373134328359,0.3063646170442287,0.2651428571428572,335,1519,319,55,28
RC-2061,dcPolTetr1,sourmash_db_filter_kmers_10,224,1177,111,342,0.15988579586009993,0.6686567164179105,0.30528586839266453,0.2580645161290323,335,1519,319,55,27
RC-2061,dcPolTetr1,sourmash_db_filter_kmers_50,6,443,329,1076,0.013363028953229399,0.01791044776119403,0.5836030204962244,0.015306122448979591,335,1519,319,55,6
RC-2061,dcPolTetr1,sourmash_db_filter_kmers_100,4,27,331,1492,0.12903225806451613,0.011940298507462687,0.8069039913700108,0.02185792349726776,335,1519,319,55,0
RC-2065,ilIdaTrig2,fcs,46,13,0,2,0.7796610169491526,1.0,0.7868852459016393,0.8761904761904762,46,15,-,35,35
RC-2065,ilIdaTrig2,tiara,46,13,0,2,0.7796610169491526,1.0,0.7868852459016393,0.8761904761904762,46,15,-,35,35
RC-2065,ilIdaTrig2,fcs+tiara,46,13,0,2,0.7796610169491526,1.0,0.7868852459016393,0.8761904761904762,46,15,-,35,35
RC-2065,ilIdaTrig2,sourmash_without_filters,45,15,1,0,0.75,0.9782608695652174,0.7377049180327869,0.849056603773585,46,15,11,35,35
RC-2065,ilIdaTrig2,sourmash_db_filter_published_assembly,45,15,1,0,0.75,0.9782608695652174,0.7377049180327869,0.849056603773585,46,15,11,35,35
RC-2065,ilIdaTrig2,sourmash_db_filter_topN_3,34,15,12,0,0.6938775510204082,0.7391304347826086,0.5573770491803278,0.7157894736842104,46,15,11,35,26
RC-2065,ilIdaTrig2,sourmash_db_filter_topN_10,34,15,12,0,0.6938775510204082,0.7391304347826086,0.5573770491803278,0.7157894736842104,46,15,11,35,26
RC-2065,ilIdaTrig2,sourmash_db_filter_topN_50,34,15,12,0,0.6938775510204082,0.7391304347826086,0.5573770491803278,0.7157894736842104,46,15,11,35,26
RC-2065,ilIdaTrig2,sourmash_db_filter_topN_100,34,15,12,0,0.6938775510204082,0.7391304347826086,0.5573770491803278,0.7157894736842104,46,15,11,35,26
RC-2065,ilIdaTrig2,sourmash_db_filter_containment_0%,34,15,12,0,0.6938775510204082,0.7391304347826086,0.5573770491803278,0.7157894736842104,46,15,11,35,26
RC-2065,ilIdaTrig2,sourmash_db_filter_containment_1%,34,15,12,0,0.6938775510204082,0.7391304347826086,0.5573770491803278,0.7157894736842104,46,15,11,35,26
RC-2065,ilIdaTrig2,sourmash_db_filter_containment_10%,1,5,45,10,0.16666666666666666,0.021739130434782608,0.18032786885245902,0.03846153846153846,46,15,11,35,0
RC-2065,ilIdaTrig2,sourmash_db_filter_containment_20%,1,4,45,11,0.2,0.021739130434782608,0.19672131147540983,0.0392156862745098,46,15,11,35,0
RC-2065,ilIdaTrig2,sourmash_db_filter_kmers_2,32,15,14,0,0.6808510638297872,0.6956521739130435,0.5245901639344263,0.6881720430107526,46,15,11,35,26
RC-2065,ilIdaTrig2,sourmash_db_filter_kmers_10,24,6,22,9,0.8,0.5217391304347826,0.5409836065573771,0.6315789473684211,46,15,11,35,23
RC-2065,ilIdaTrig2,sourmash_db_filter_kmers_50,21,2,25,13,0.9130434782608695,0.45652173913043476,0.5573770491803278,0.608695652173913,46,15,11,35,20
RC-2065,ilIdaTrig2,sourmash_db_filter_kmers_100,21,2,25,13,0.9130434782608695,0.45652173913043476,0.5573770491803278,0.608695652173913,46,15,11,35,20
RC-2086,ilAriNici1,fcs,59,66,0,12,0.472,1.0,0.5182481751824818,0.6413043478260869,59,78,-,46,46
RC-2086,ilAriNici1,tiara,59,64,0,14,0.4796747967479675,1.0,0.5328467153284672,0.6483516483516484,59,78,-,46,46
RC-2086,ilAriNici1,fcs+tiara,59,65,0,13,0.47580645161290325,1.0,0.5255474452554745,0.644808743169399,59,78,-,46,46
RC-2086,ilAriNici1,sourmash_without_filters,59,77,0,1,0.4338235294117647,1.0,0.43795620437956206,0.6051282051282051,59,78,1,46,46
RC-2086,ilAriNici1,sourmash_db_filter_published_assembly,59,77,0,1,0.4338235294117647,1.0,0.43795620437956206,0.6051282051282051,59,78,1,46,46
RC-2086,ilAriNici1,sourmash_db_filter_topN_3,59,66,0,12,0.472,1.0,0.5182481751824818,0.6413043478260869,59,78,1,46,46
RC-2086,ilAriNici1,sourmash_db_filter_topN_10,59,76,0,2,0.43703703703703706,1.0,0.44525547445255476,0.6082474226804123,59,78,1,46,46
RC-2086,ilAriNici1,sourmash_db_filter_topN_50,59,76,0,2,0.43703703703703706,1.0,0.44525547445255476,0.6082474226804123,59,78,1,46,46
RC-2086,ilAriNici1,sourmash_db_filter_topN_100,59,76,0,2,0.43703703703703706,1.0,0.44525547445255476,0.6082474226804123,59,78,1,46,46
RC-2086,ilAriNici1,sourmash_db_filter_containment_0%,59,76,0,2,0.43703703703703706,1.0,0.44525547445255476,0.6082474226804123,59,78,1,46,46
RC-2086,ilAriNici1,sourmash_db_filter_containment_1%,59,76,0,2,0.43703703703703706,1.0,0.44525547445255476,0.6082474226804123,59,78,1,46,46
RC-2086,ilAriNici1,sourmash_db_filter_containment_10%,59,65,0,13,0.47580645161290325,1.0,0.5255474452554745,0.644808743169399,59,78,1,46,46
RC-2086,ilAriNici1,sourmash_db_filter_containment_20%,35,8,24,70,0.813953488372093,0.5932203389830508,0.7664233576642335,0.6862745098039216,59,78,1,46,22
RC-2086,ilAriNici1,sourmash_db_filter_kmers_2,59,75,0,3,0.44029850746268656,1.0,0.45255474452554745,0.6113989637305699,59,78,1,46,46
RC-2086,ilAriNici1,sourmash_db_filter_kmers_10,59,64,0,14,0.4796747967479675,1.0,0.5328467153284672,0.6483516483516484,59,78,1,46,46
RC-2086,ilAriNici1,sourmash_db_filter_kmers_50,41,1,18,77,0.9761904761904762,0.6949152542372882,0.8613138686131386,0.8118811881188118,59,78,1,46,38
RC-2086,ilAriNici1,sourmash_db_filter_kmers_100,31,0,28,78,1.0,0.5254237288135594,0.7956204379562044,0.688888888888889,59,78,1,46,30
RC-2093,ddArmRust1,fcs,149,2884,0,210,0.0491262776129245,1.0,0.110699969164354,0.09365179132620995,149,3094,-,113,113
RC-2093,ddArmRust1,tiara,149,2902,0,192,0.04883644706653556,1.0,0.10514955288313291,0.093125,149,3094,-,113,113
RC-2093,ddArmRust1,fcs+tiara,149,2875,0,219,0.04927248677248677,1.0,0.11347517730496454,0.09391742830129216,149,3094,-,113,113
RC-2093,ddArmRust1,sourmash_without_filters,144,1516,5,1578,0.08674698795180723,0.9664429530201343,0.5309898242368177,0.1592039800995025,149,3094,306,113,113
RC-2093,ddArmRust1,sourmash_db_filter_published_assembly,144,1516,5,1578,0.08674698795180723,0.9664429530201343,0.5309898242368177,0.1592039800995025,149,3094,306,113,113
RC-2093,ddArmRust1,sourmash_db_filter_topN_3,126,1056,23,2038,0.1065989847715736,0.8456375838926175,0.6672833795868024,0.1893313298271976,149,3094,306,113,111
RC-2093,ddArmRust1,sourmash_db_filter_topN_10,127,1076,22,2018,0.1055694098088113,0.8523489932885906,0.6614246068455134,0.1878698224852071,149,3094,306,113,112
RC-2093,ddArmRust1,sourmash_db_filter_topN_50,139,1156,10,1938,0.10733590733590734,0.9328859060402684,0.6404563675609004,0.1925207756232687,149,3094,306,113,112
RC-2093,ddArmRust1,sourmash_db_filter_topN_100,141,1179,8,1915,0.10681818181818181,0.9463087248322147,0.6339808818994758,0.19196732471068753,149,3094,306,113,112
RC-2093,ddArmRust1,sourmash_db_filter_containment_0%,141,1213,8,1881,0.10413589364844904,0.9463087248322147,0.6234967622571693,0.187624750499002,149,3094,306,113,112
RC-2093,ddArmRust1,sourmash_db_filter_containment_1%,141,1213,8,1881,0.10413589364844904,0.9463087248322147,0.6234967622571693,0.187624750499002,149,3094,306,113,112
RC-2093,ddArmRust1,sourmash_db_filter_containment_10%,82,1036,67,2058,0.07334525939177101,0.5503355704697986,0.6598828245451742,0.12943962115232832,149,3094,306,113,69
RC-2093,ddArmRust1,sourmash_db_filter_containment_20%,46,1028,103,2066,0.04283054003724395,0.3087248322147651,0.6512488436632747,0.07522485690923958,149,3094,306,113,40
RC-2093,ddArmRust1,sourmash_db_filter_kmers_2,138,1116,11,1978,0.11004784688995216,0.9261744966442953,0.6524822695035462,0.19672131147540983,149,3094,306,113,111
RC-2093,ddArmRust1,sourmash_db_filter_kmers_10,130,1042,19,2052,0.11092150170648464,0.87248322147651,0.6728337958680234,0.1968205904617714,149,3094,306,113,109
RC-2093,ddArmRust1,sourmash_db_filter_kmers_50,19,1012,130,2082,0.01842870999030068,0.12751677852348994,0.6478569226025285,0.03220338983050847,149,3094,306,113,15
RC-2093,ddArmRust1,sourmash_db_filter_kmers_100,17,843,132,2251,0.019767441860465116,0.11409395973154363,0.6993524514338575,0.03369672943508424,149,3094,306,113,14
RC-2111,qdNanPoly8,fcs,684,83,0,1479,0.8917861799217731,1.0,0.9630454140694568,0.9427980702963473,684,1562,-,67,67
RC-2111,qdNanPoly8,tiara,672,615,12,947,0.5221445221445221,0.9824561403508771,0.7208370436331255,0.6818873668188736,684,1562,-,67,64
RC-2111,qdNanPoly8,fcs+tiara,672,47,12,1515,0.9346314325452016,0.9824561403508771,0.9737310774710597,0.9579472558802565,684,1562,-,67,64
RC-2111,qdNanPoly8,sourmash_without_filters,665,1045,19,517,0.3888888888888889,0.9722222222222222,0.5262689225289403,0.5555555555555556,684,1562,996,67,65
RC-2111,qdNanPoly8,sourmash_db_filter_published_assembly,604,1008,80,554,0.3746898263027295,0.8830409356725146,0.5155832591273375,0.5261324041811847,684,1562,1611,67,54
RC-2111,qdNanPoly8,sourmash_db_filter_topN_3,1,0,683,1562,1.0,0.0014619883040935672,0.6959038290293855,0.00291970802919708,684,1562,1611,67,0
RC-2111,qdNanPoly8,sourmash_db_filter_topN_10,1,0,683,1562,1.0,0.0014619883040935672,0.6959038290293855,0.00291970802919708,684,1562,1611,67,0
RC-2111,qdNanPoly8,sourmash_db_filter_topN_50,1,0,683,1562,1.0,0.0014619883040935672,0.6959038290293855,0.00291970802919708,684,1562,1611,67,0
RC-2111,qdNanPoly8,sourmash_db_filter_topN_100,1,0,683,1562,1.0,0.0014619883040935672,0.6959038290293855,0.00291970802919708,684,1562,1611,67,0
RC-2111,qdNanPoly8,sourmash_db_filter_containment_0%,1,0,683,1562,1.0,0.0014619883040935672,0.6959038290293855,0.00291970802919708,684,1562,1611,67,0
RC-2111,qdNanPoly8,sourmash_db_filter_containment_1%,1,0,683,1562,1.0,0.0014619883040935672,0.6959038290293855,0.00291970802919708,684,1562,1611,67,0
RC-2111,qdNanPoly8,sourmash_db_filter_containment_10%,1,0,683,1562,1.0,0.0014619883040935672,0.6959038290293855,0.00291970802919708,684,1562,1611,67,0
RC-2111,qdNanPoly8,sourmash_db_filter_containment_20%,1,0,683,1562,1.0,0.0014619883040935672,0.6959038290293855,0.00291970802919708,684,1562,1611,67,0
RC-2111,qdNanPoly8,sourmash_db_filter_kmers_2,1,0,683,1562,1.0,0.0014619883040935672,0.6959038290293855,0.00291970802919708,684,1562,1611,67,0
RC-2111,qdNanPoly8,sourmash_db_filter_kmers_10,1,0,683,1562,1.0,0.0014619883040935672,0.6959038290293855,0.00291970802919708,684,1562,1611,67,0
RC-2111,qdNanPoly8,sourmash_db_filter_kmers_50,1,0,683,1562,1.0,0.0014619883040935672,0.6959038290293855,0.00291970802919708,684,1562,1611,67,0
RC-2111,qdNanPoly8,sourmash_db_filter_kmers_100,1,0,683,1562,1.0,0.0014619883040935672,0.6959038290293855,0.00291970802919708,684,1562,1611,67,0
RC-2122,ilScoChen1,fcs,77,2,0,33,0.9746835443037974,1.0,0.9821428571428571,0.9871794871794872,77,35,-,35,35
RC-2122,ilScoChen1,tiara,77,6,0,29,0.927710843373494,1.0,0.9464285714285714,0.9625,77,35,-,35,35
RC-2122,ilScoChen1,fcs+tiara,77,2,0,33,0.9746835443037974,1.0,0.9821428571428571,0.9871794871794872,77,35,-,35,35
RC-2122,ilScoChen1,sourmash_without_filters,77,22,0,13,0.7777777777777778,1.0,0.8035714285714286,0.8750000000000001,77,35,14,35,35
RC-2122,ilScoChen1,sourmash_db_filter_published_assembly,74,22,3,13,0.7708333333333334,0.961038961038961,0.7767857142857143,0.8554913294797688,77,35,28,35,35
RC-2122,ilScoChen1,sourmash_db_filter_topN_3,57,5,20,30,0.9193548387096774,0.7402597402597403,0.7767857142857143,0.8201438848920863,77,35,28,35,35
RC-2122,ilScoChen1,sourmash_db_filter_topN_10,59,6,18,29,0.9076923076923077,0.7662337662337663,0.7857142857142857,0.8309859154929577,77,35,28,35,35
RC-2122,ilScoChen1,sourmash_db_filter_topN_50,60,7,17,28,0.8955223880597015,0.7792207792207793,0.7857142857142857,0.8333333333333334,77,35,28,35,35
RC-2122,ilScoChen1,sourmash_db_filter_topN_100,61,7,16,28,0.8970588235294118,0.7922077922077922,0.7946428571428571,0.8413793103448276,77,35,28,35,35
RC-2122,ilScoChen1,sourmash_db_filter_containment_0%,61,7,16,28,0.8970588235294118,0.7922077922077922,0.7946428571428571,0.8413793103448276,77,35,28,35,35
RC-2122,ilScoChen1,sourmash_db_filter_containment_1%,61,7,16,28,0.8970588235294118,0.7922077922077922,0.7946428571428571,0.8413793103448276,77,35,28,35,35
RC-2122,ilScoChen1,sourmash_db_filter_containment_10%,4,0,73,35,1.0,0.05194805194805195,0.3482142857142857,0.09876543209876544,77,35,28,35,1
RC-2122,ilScoChen1,sourmash_db_filter_containment_20%,2,0,75,35,1.0,0.025974025974025976,0.33035714285714285,0.05063291139240507,77,35,28,35,1
RC-2122,ilScoChen1,sourmash_db_filter_kmers_2,54,6,23,29,0.9,0.7012987012987013,0.7410714285714286,0.7883211678832117,77,35,28,35,34
RC-2122,ilScoChen1,sourmash_db_filter_kmers_10,38,3,39,32,0.926829268292683,0.4935064935064935,0.625,0.6440677966101694,77,35,28,35,34
RC-2122,ilScoChen1,sourmash_db_filter_kmers_50,32,0,45,35,1.0,0.4155844155844156,0.5982142857142857,0.5871559633027523,77,35,28,35,31
RC-2122,ilScoChen1,sourmash_db_filter_kmers_100,32,0,45,35,1.0,0.4155844155844156,0.5982142857142857,0.5871559633027523,77,35,28,35,31
RC-2153,cbPteFili1,fcs,600,432,0,21,0.5813953488372093,1.0,0.5897435897435898,0.7352941176470588,600,453,-,63,63
RC-2153,cbPteFili1,tiara,504,431,96,22,0.5390374331550802,0.84,0.49952516619183285,0.6566775244299675,600,453,-,63,63
RC-2153,cbPteFili1,fcs+tiara,506,431,94,22,0.5400213447171825,0.8433333333333334,0.5014245014245015,0.6584255042290176,600,453,-,63,63
RC-2153,cbPteFili1,sourmash_without_filters,535,448,65,5,0.5442522889114955,0.8916666666666667,0.5128205128205128,0.6759317751105496,600,453,426,63,63
RC-2153,cbPteFili1,sourmash_db_filter_published_assembly,526,446,74,7,0.5411522633744856,0.8766666666666667,0.5061728395061729,0.6692111959287532,600,453,550,63,63
RC-2153,cbPteFili1,sourmash_db_filter_topN_3,128,262,472,191,0.3282051282051282,0.21333333333333335,0.3029439696106363,0.2585858585858586,600,453,550,63,63
RC-2153,cbPteFili1,sourmash_db_filter_topN_10,130,264,470,189,0.3299492385786802,0.21666666666666667,0.3029439696106363,0.26156941649899396,600,453,550,63,63
RC-2153,cbPteFili1,sourmash_db_filter_topN_50,133,264,467,189,0.3350125944584383,0.22166666666666668,0.3057929724596391,0.2668004012036108,600,453,550,63,63
RC-2153,cbPteFili1,sourmash_db_filter_topN_100,135,264,465,189,0.3383458646616541,0.225,0.3076923076923077,0.2702702702702703,600,453,550,63,63
RC-2153,cbPteFili1,sourmash_db_filter_containment_0%,157,265,443,188,0.37203791469194314,0.26166666666666666,0.32763532763532766,0.3072407045009785,600,453,550,63,63
RC-2153,cbPteFili1,sourmash_db_filter_containment_1%,157,265,443,188,0.37203791469194314,0.26166666666666666,0.32763532763532766,0.3072407045009785,600,453,550,63,63
RC-2153,cbPteFili1,sourmash_db_filter_containment_10%,50,264,550,189,0.1592356687898089,0.08333333333333333,0.22697056030389365,0.10940919037199123,600,453,550,63,15
RC-2153,cbPteFili1,sourmash_db_filter_containment_20%,22,262,578,191,0.07746478873239436,0.03666666666666667,0.2022792022792023,0.0497737556561086,600,453,550,63,1
RC-2153,cbPteFili1,sourmash_db_filter_kmers_2,124,264,476,189,0.31958762886597936,0.20666666666666667,0.2972459639126306,0.25101214574898784,600,453,550,63,63
RC-2153,cbPteFili1,sourmash_db_filter_kmers_10,87,263,513,190,0.24857142857142858,0.145,0.2630579297245964,0.1831578947368421,600,453,550,63,56
RC-2153,cbPteFili1,sourmash_db_filter_kmers_50,17,189,583,264,0.0825242718446602,0.028333333333333332,0.2668566001899335,0.04218362282878412,600,453,550,63,15
RC-2153,cbPteFili1,sourmash_db_filter_kmers_100,12,4,588,449,0.75,0.02,0.43779677113010446,0.03896103896103896,600,453,550,63,11
RC-2167,cbHetHete15,fcs,803,1312,0,43,0.3796690307328605,1.0,0.39202965708989806,0.5503769705277587,803,1355,-,30,30
RC-2167,cbHetHete15,tiara,802,1139,1,216,0.41318907779495107,0.9987546699875467,0.4717330861909175,0.5845481049562683,803,1355,-,30,30
RC-2167,cbHetHete15,fcs+tiara,803,1123,0,232,0.416926272066459,1.0,0.479610750695088,0.5884939538292414,803,1355,-,30,30
RC-2167,cbHetHete15,sourmash_without_filters,795,1347,8,8,0.3711484593837535,0.9900373599003736,0.3721037998146432,0.5398981324278438,803,1355,383,30,30
RC-2167,cbHetHete15,sourmash_db_filter_published_assembly,745,1346,58,9,0.3562888570062171,0.9277708592777086,0.3493975903614458,0.5148583275742916,803,1355,1045,30,30
RC-2167,cbHetHete15,sourmash_db_filter_topN_3,222,809,581,546,0.21532492725509214,0.2764632627646326,0.35588507877664505,0.24209378407851692,803,1355,1045,30,30
RC-2167,cbHetHete15,sourmash_db_filter_topN_10,227,809,576,546,0.21911196911196912,0.28268991282689915,0.35820203892493047,0.2468733007069059,803,1355,1045,30,30
RC-2167,cbHetHete15,sourmash_db_filter_topN_50,228,809,575,546,0.21986499517839922,0.28393524283935245,0.3586654309545876,0.24782608695652175,803,1355,1045,30,30
RC-2167,cbHetHete15,sourmash_db_filter_topN_100,230,809,573,546,0.22136669874879691,0.286425902864259,0.35959221501390176,0.249728555917481,803,1355,1045,30,30
RC-2167,cbHetHete15,sourmash_db_filter_containment_0%,237,809,566,546,0.22657743785850862,0.29514321295143214,0.3628359592215014,0.25635478637101133,803,1355,1045,30,30
RC-2167,cbHetHete15,sourmash_db_filter_containment_1%,237,809,566,546,0.22657743785850862,0.29514321295143214,0.3628359592215014,0.25635478637101133,803,1355,1045,30,30
RC-2167,cbHetHete15,sourmash_db_filter_containment_10%,182,809,621,546,0.18365287588294651,0.2266500622665006,0.3373493975903614,0.20289855072463767,803,1355,1045,30,21
RC-2167,cbHetHete15,sourmash_db_filter_containment_20%,108,808,695,547,0.11790393013100436,0.13449564134495642,0.3035217794253939,0.1256544502617801,803,1355,1045,30,1
RC-2167,cbHetHete15,sourmash_db_filter_kmers_2,223,809,580,546,0.21608527131782945,0.2777085927770859,0.3563484708063021,0.2430517711171662,803,1355,1045,30,30
RC-2167,cbHetHete15,sourmash_db_filter_kmers_10,176,805,627,550,0.17940876656472987,0.2191780821917808,0.33642261353104724,0.19730941704035873,803,1355,1045,30,29
RC-2167,cbHetHete15,sourmash_db_filter_kmers_50,19,649,784,706,0.02844311377245509,0.023661270236612703,0.3359592215013902,0.025832766825288917,803,1355,1045,30,15
RC-2167,cbHetHete15,sourmash_db_filter_kmers_100,11,116,792,1239,0.08661417322834646,0.0136986301369863,0.5792400370713624,0.023655913978494623,803,1355,1045,30,10
RC-2187,icCurGlan1,fcs,273,29,0,57,0.9039735099337748,1.0,0.9192200557103064,0.9495652173913043,273,86,-,35,35
RC-2187,icCurGlan1,tiara,270,23,3,63,0.9215017064846417,0.989010989010989,0.9275766016713092,0.9540636042402828,273,86,-,35,33
RC-2187,icCurGlan1,fcs+tiara,270,23,3,63,0.9215017064846417,0.989010989010989,0.9275766016713092,0.9540636042402828,273,86,-,35,33
RC-2187,icCurGlan1,sourmash_without_filters,268,73,5,13,0.7859237536656891,0.9816849816849816,0.7827298050139275,0.8729641693811075,273,86,176,35,35
RC-2187,icCurGlan1,sourmash_db_filter_published_assembly,268,74,5,12,0.783625730994152,0.9816849816849816,0.7799442896935933,0.8715447154471545,273,86,177,35,35
RC-2187,icCurGlan1,sourmash_db_filter_topN_3,129,16,144,70,0.8896551724137931,0.4725274725274725,0.5543175487465181,0.6172248803827751,273,86,177,35,2
RC-2187,icCurGlan1,sourmash_db_filter_topN_10,134,20,139,66,0.8701298701298701,0.4908424908424908,0.5571030640668524,0.6276346604215456,273,86,177,35,2
RC-2187,icCurGlan1,sourmash_db_filter_topN_50,144,21,129,65,0.8727272727272727,0.5274725274725275,0.5821727019498607,0.6575342465753424,273,86,177,35,2
RC-2187,icCurGlan1,sourmash_db_filter_topN_100,144,21,129,65,0.8727272727272727,0.5274725274725275,0.5821727019498607,0.6575342465753424,273,86,177,35,2
RC-2187,icCurGlan1,sourmash_db_filter_containment_0%,144,21,129,65,0.8727272727272727,0.5274725274725275,0.5821727019498607,0.6575342465753424,273,86,177,35,2
RC-2187,icCurGlan1,sourmash_db_filter_containment_1%,144,21,129,65,0.8727272727272727,0.5274725274725275,0.5821727019498607,0.6575342465753424,273,86,177,35,2
RC-2187,icCurGlan1,sourmash_db_filter_containment_10%,2,4,271,82,0.3333333333333333,0.007326007326007326,0.233983286908078,0.014336917562724016,273,86,177,35,0
RC-2187,icCurGlan1,sourmash_db_filter_containment_20%,1,3,272,83,0.25,0.003663003663003663,0.233983286908078,0.007220216606498195,273,86,177,35,0
RC-2187,icCurGlan1,sourmash_db_filter_kmers_2,133,5,140,81,0.9637681159420289,0.48717948717948717,0.596100278551532,0.6472019464720195,273,86,177,35,2
RC-2187,icCurGlan1,sourmash_db_filter_kmers_10,16,2,257,84,0.8888888888888888,0.05860805860805861,0.2785515320334262,0.10996563573883161,273,86,177,35,1
RC-2187,icCurGlan1,sourmash_db_filter_kmers_50,1,2,272,84,0.3333333333333333,0.003663003663003663,0.23676880222841226,0.007246376811594204,273,86,177,35,0
RC-2187,icCurGlan1,sourmash_db_filter_kmers_100,1,2,272,84,0.3333333333333333,0.003663003663003663,0.23676880222841226,0.007246376811594204,273,86,177,35,0
RC-2197,icHypRumi1,fcs,85,21,0,3,0.8018867924528302,1.0,0.8073394495412844,0.8900523560209425,85,24,-,18,18
RC-2197,icHypRumi1,tiara,84,21,1,3,0.8,0.9882352941176471,0.7981651376146789,0.8842105263157894,85,24,-,18,18
RC-2197,icHypRumi1,fcs+tiara,84,21,1,3,0.8,0.9882352941176471,0.7981651376146789,0.8842105263157894,85,24,-,18,18
RC-2197,icHypRumi1,sourmash_without_filters,85,24,0,0,0.7798165137614679,1.0,0.7798165137614679,0.8762886597938144,85,24,36,18,18
RC-2197,icHypRumi1,sourmash_db_filter_published_assembly,85,24,0,0,0.7798165137614679,1.0,0.7798165137614679,0.8762886597938144,85,24,36,18,18
RC-2197,icHypRumi1,sourmash_db_filter_topN_3,59,14,26,10,0.8082191780821918,0.6941176470588235,0.6330275229357798,0.7468354430379747,85,24,36,18,4
RC-2197,icHypRumi1,sourmash_db_filter_topN_10,59,14,26,10,0.8082191780821918,0.6941176470588235,0.6330275229357798,0.7468354430379747,85,24,36,18,4
RC-2197,icHypRumi1,sourmash_db_filter_topN_50,59,14,26,10,0.8082191780821918,0.6941176470588235,0.6330275229357798,0.7468354430379747,85,24,36,18,4
RC-2197,icHypRumi1,sourmash_db_filter_topN_100,59,14,26,10,0.8082191780821918,0.6941176470588235,0.6330275229357798,0.7468354430379747,85,24,36,18,4
RC-2197,icHypRumi1,sourmash_db_filter_containment_0%,59,14,26,10,0.8082191780821918,0.6941176470588235,0.6330275229357798,0.7468354430379747,85,24,36,18,4
RC-2197,icHypRumi1,sourmash_db_filter_containment_1%,59,14,26,10,0.8082191780821918,0.6941176470588235,0.6330275229357798,0.7468354430379747,85,24,36,18,4
RC-2197,icHypRumi1,sourmash_db_filter_containment_10%,35,8,50,16,0.813953488372093,0.4117647058823529,0.46788990825688076,0.546875,85,24,36,18,0
RC-2197,icHypRumi1,sourmash_db_filter_containment_20%,22,8,63,16,0.7333333333333333,0.25882352941176473,0.3486238532110092,0.3826086956521739,85,24,36,18,0
RC-2197,icHypRumi1,sourmash_db_filter_kmers_2,55,14,30,10,0.7971014492753623,0.6470588235294118,0.5963302752293578,0.7142857142857144,85,24,36,18,4
RC-2197,icHypRumi1,sourmash_db_filter_kmers_10,41,8,44,16,0.8367346938775511,0.4823529411764706,0.5229357798165137,0.6119402985074627,85,24,36,18,3
RC-2197,icHypRumi1,sourmash_db_filter_kmers_50,2,0,83,24,1.0,0.023529411764705882,0.23853211009174313,0.04597701149425288,85,24,36,18,1
RC-2197,icHypRumi1,sourmash_db_filter_kmers_100,1,0,84,24,1.0,0.011764705882352941,0.22935779816513763,0.023255813953488372,85,24,36,18,0
RC-2242,daAjuRept1,fcs,510,1664,0,504,0.23459061637534498,1.0,0.3786407766990291,0.38002980625931443,510,2168,-,43,43
RC-2242,daAjuRept1,tiara,501,1722,9,446,0.2253711201079622,0.9823529411764705,0.3536221060492905,0.3666300768386389,510,2168,-,43,42
RC-2242,daAjuRept1,fcs+tiara,501,1647,9,521,0.23324022346368714,0.9823529411764705,0.3816280806572069,0.37697516930022573,510,2168,-,43,42
RC-2242,daAjuRept1,sourmash_without_filters,510,2081,0,87,0.19683519876495562,1.0,0.2229275578790142,0.3289261528539181,510,2168,439,43,43
RC-2242,daAjuRept1,sourmash_db_filter_published_assembly,500,2076,10,92,0.19409937888198758,0.9803921568627451,0.2210604929051531,0.3240440699935191,510,2168,512,43,41
RC-2242,daAjuRept1,sourmash_db_filter_topN_3,253,1569,257,599,0.13885839736553238,0.49607843137254903,0.3181478715459298,0.21698113207547165,510,2168,512,43,2
RC-2242,daAjuRept1,sourmash_db_filter_topN_10,255,1577,255,591,0.13919213973799127,0.5,0.31590739357729647,0.21776259607173357,510,2168,512,43,3
RC-2242,daAjuRept1,sourmash_db_filter_topN_50,294,1592,216,576,0.15588547189819724,0.5764705882352941,0.32486930545182974,0.24540901502504173,510,2168,512,43,5
RC-2242,daAjuRept1,sourmash_db_filter_topN_100,318,1601,192,567,0.16571130797290257,0.6235294117647059,0.33047050037341297,0.26183614656237136,510,2168,512,43,5
RC-2242,daAjuRept1,sourmash_db_filter_containment_0%,448,1616,62,552,0.21705426356589147,0.8784313725490196,0.37341299477221807,0.3480963480963481,510,2168,512,43,19
RC-2242,daAjuRept1,sourmash_db_filter_containment_1%,448,1616,62,552,0.21705426356589147,0.8784313725490196,0.37341299477221807,0.3480963480963481,510,2168,512,43,19
RC-2242,daAjuRept1,sourmash_db_filter_containment_10%,218,1538,292,630,0.12414578587699317,0.42745098039215684,0.3166542195668409,0.19240953221535748,510,2168,512,43,0
RC-2242,daAjuRept1,sourmash_db_filter_containment_20%,196,1406,314,762,0.12234706616729088,0.3843137254901961,0.3577296489917849,0.18560606060606058,510,2168,512,43,0
RC-2242,daAjuRept1,sourmash_db_filter_kmers_2,397,1603,113,565,0.1985,0.7784313725490196,0.3592233009708738,0.3163346613545817,510,2168,512,43,19
RC-2242,daAjuRept1,sourmash_db_filter_kmers_10,258,1553,252,615,0.1424627277747101,0.5058823529411764,0.32598954443614636,0.22231796639379575,510,2168,512,43,14
RC-2242,daAjuRept1,sourmash_db_filter_kmers_50,1,999,509,1169,0.001,0.00196078431372549,0.4368932038834951,0.0013245033112582781,510,2168,512,43,0
RC-2242,daAjuRept1,sourmash_db_filter_kmers_100,1,225,509,1943,0.004424778761061947,0.00196078431372549,0.7259148618371919,0.002717391304347826,510,2168,512,43,0
RC-2258,xbBatHeck2,fcs,1157,735,0,901,0.611522198731501,1.0,0.7368421052631579,0.7589373565103313,1157,1636,-,385,385
RC-2258,xbBatHeck2,tiara,1157,502,0,1134,0.6974080771549126,1.0,0.8202649480844969,0.8217329545454546,1157,1636,-,385,385
RC-2258,xbBatHeck2,fcs+tiara,1157,626,0,1010,0.6489063376332025,1.0,0.7758682420336556,0.7870748299319728,1157,1636,-,385,385
RC-2258,xbBatHeck2,sourmash_without_filters,1154,1601,3,35,0.4188747731397459,0.9974070872947277,0.42570712495524526,0.5899795501022495,1157,1636,65,385,385
RC-2258,xbBatHeck2,sourmash_db_filter_published_assembly,1153,1462,4,174,0.4409177820267686,0.996542783059637,0.47511636233440746,0.6113467656415694,1157,1636,968,385,385
RC-2258,xbBatHeck2,sourmash_db_filter_topN_3,1093,548,64,1088,0.6660572821450336,0.9446845289541919,0.7808807733619764,0.7812723373838456,1157,1636,968,385,380
RC-2258,xbBatHeck2,sourmash_db_filter_topN_10,1094,548,63,1088,0.6662606577344702,0.9455488331892826,0.7812388113139993,0.7817077527688461,1157,1636,968,385,380
RC-2258,xbBatHeck2,sourmash_db_filter_topN_50,1094,551,63,1085,0.6650455927051672,0.9455488331892826,0.7801646974579305,0.780870806566738,1157,1636,968,385,380
RC-2258,xbBatHeck2,sourmash_db_filter_topN_100,1094,552,63,1084,0.6646415552855407,0.9455488331892826,0.7798066595059077,0.7805922226186229,1157,1636,968,385,380
RC-2258,xbBatHeck2,sourmash_db_filter_containment_0%,1095,552,62,1084,0.6648451730418944,0.9464131374243734,0.7801646974579305,0.7810271041369472,1157,1636,968,385,380
RC-2258,xbBatHeck2,sourmash_db_filter_containment_1%,1095,552,62,1084,0.6648451730418944,0.9464131374243734,0.7801646974579305,0.7810271041369472,1157,1636,968,385,380
RC-2258,xbBatHeck2,sourmash_db_filter_containment_10%,1039,415,118,1221,0.7145804676753783,0.8980121002592912,0.8091657715717866,0.7958636537725009,1157,1636,968,385,367
RC-2258,xbBatHeck2,sourmash_db_filter_containment_20%,777,294,380,1342,0.7254901960784313,0.6715643906655142,0.7586824203365556,0.6974865350089766,1157,1636,968,385,254
RC-2258,xbBatHeck2,sourmash_db_filter_kmers_2,1068,432,89,1204,0.712,0.9230769230769231,0.8134622269960616,0.8039141889348891,1157,1636,968,385,380
RC-2258,xbBatHeck2,sourmash_db_filter_kmers_10,986,269,171,1367,0.7856573705179283,0.8522039757994814,0.8424633011099176,0.8175787728026533,1157,1636,968,385,376
RC-2258,xbBatHeck2,sourmash_db_filter_kmers_50,670,12,487,1624,0.9824046920821115,0.5790838375108038,0.8213390619405657,0.7286568787384449,1157,1636,968,385,349
RC-2258,xbBatHeck2,sourmash_db_filter_kmers_100,438,2,719,1634,0.9954545454545455,0.37856525496974935,0.7418546365914787,0.5485284909204758,1157,1636,968,385,305
RC-2297,qqPhiCesp2,fcs,174,53,0,14,0.7665198237885462,1.0,0.7800829875518672,0.8678304239401496,174,67,-,38,38
RC-2297,qqPhiCesp2,tiara,172,46,2,21,0.7889908256880734,0.9885057471264368,0.8008298755186722,0.8775510204081634,174,67,-,38,38
RC-2297,qqPhiCesp2,fcs+tiara,172,46,2,21,0.7889908256880734,0.9885057471264368,0.8008298755186722,0.8775510204081634,174,67,-,38,38
RC-2297,qqPhiCesp2,sourmash_without_filters,171,61,3,6,0.7370689655172413,0.9827586206896551,0.7344398340248963,0.8423645320197044,174,67,113,38,38
RC-2297,qqPhiCesp2,sourmash_db_filter_published_assembly,171,61,3,6,0.7370689655172413,0.9827586206896551,0.7344398340248963,0.8423645320197044,174,67,113,38,38
RC-2297,qqPhiCesp2,sourmash_db_filter_topN_3,69,14,105,53,0.8313253012048193,0.39655172413793105,0.5062240663900415,0.5369649805447471,174,67,113,38,5
RC-2297,qqPhiCesp2,sourmash_db_filter_topN_10,76,31,98,36,0.7102803738317757,0.4367816091954023,0.46473029045643155,0.5409252669039145,174,67,113,38,5
RC-2297,qqPhiCesp2,sourmash_db_filter_topN_50,82,36,92,31,0.6949152542372882,0.47126436781609193,0.46887966804979253,0.5616438356164384,174,67,113,38,5
RC-2297,qqPhiCesp2,sourmash_db_filter_topN_100,83,36,91,31,0.6974789915966386,0.47701149425287354,0.4730290456431535,0.5665529010238908,174,67,113,38,5
RC-2297,qqPhiCesp2,sourmash_db_filter_containment_0%,83,36,91,31,0.6974789915966386,0.47701149425287354,0.4730290456431535,0.5665529010238908,174,67,113,38,5
RC-2297,qqPhiCesp2,sourmash_db_filter_containment_1%,83,36,91,31,0.6974789915966386,0.47701149425287354,0.4730290456431535,0.5665529010238908,174,67,113,38,5
RC-2297,qqPhiCesp2,sourmash_db_filter_containment_10%,9,2,165,65,0.8181818181818182,0.05172413793103448,0.3070539419087137,0.09729729729729729,174,67,113,38,1
RC-2297,qqPhiCesp2,sourmash_db_filter_containment_20%,2,0,172,67,1.0,0.011494252873563218,0.2863070539419087,0.022727272727272724,174,67,113,38,0
RC-2297,qqPhiCesp2,sourmash_db_filter_kmers_2,76,22,98,45,0.7755102040816326,0.4367816091954023,0.5020746887966805,0.5588235294117647,174,67,113,38,5
RC-2297,qqPhiCesp2,sourmash_db_filter_kmers_10,29,2,145,65,0.9354838709677419,0.16666666666666666,0.3900414937759336,0.28292682926829266,174,67,113,38,5
RC-2297,qqPhiCesp2,sourmash_db_filter_kmers_50,3,0,171,67,1.0,0.017241379310344827,0.29045643153526973,0.03389830508474576,174,67,113,38,2
RC-2297,qqPhiCesp2,sourmash_db_filter_kmers_100,1,0,173,67,1.0,0.005747126436781609,0.2821576763485477,0.011428571428571429,174,67,113,38,0
RC-2409,cjHerHutc3,fcs,119,272,0,8,0.30434782608695654,1.0,0.3182957393483709,0.4666666666666667,119,280,-,75,75
RC-2409,cjHerHutc3,tiara,119,273,0,7,0.30357142857142855,1.0,0.3157894736842105,0.4657534246575342,119,280,-,75,75
RC-2409,cjHerHutc3,fcs+tiara,119,271,0,9,0.30512820512820515,1.0,0.3208020050125313,0.4675834970530452,119,280,-,75,75
RC-2409,cjHerHutc3,sourmash_without_filters,119,277,0,3,0.3005050505050505,1.0,0.3057644110275689,0.46213592233009704,119,280,6,75,75
RC-2409,cjHerHutc3,sourmash_db_filter_published_assembly,118,165,1,115,0.4169611307420495,0.9915966386554622,0.5839598997493735,0.5870646766169154,119,280,119,75,74
RC-2409,cjHerHutc3,sourmash_db_filter_topN_3,27,28,92,252,0.4909090909090909,0.226890756302521,0.6992481203007519,0.3103448275862069,119,280,119,75,25
RC-2409,cjHerHutc3,sourmash_db_filter_topN_10,27,53,92,227,0.3375,0.226890756302521,0.6365914786967418,0.271356783919598,119,280,119,75,25
RC-2409,cjHerHutc3,sourmash_db_filter_topN_50,27,71,92,209,0.2755102040816326,0.226890756302521,0.5914786967418546,0.2488479262672811,119,280,119,75,25
RC-2409,cjHerHutc3,sourmash_db_filter_topN_100,27,74,92,206,0.26732673267326734,0.226890756302521,0.5839598997493735,0.24545454545454548,119,280,119,75,25
RC-2409,cjHerHutc3,sourmash_db_filter_containment_0%,27,137,92,143,0.16463414634146342,0.226890756302521,0.42606516290726815,0.19081272084805656,119,280,119,75,25
RC-2409,cjHerHutc3,sourmash_db_filter_containment_1%,27,137,92,143,0.16463414634146342,0.226890756302521,0.42606516290726815,0.19081272084805656,119,280,119,75,25
RC-2409,cjHerHutc3,sourmash_db_filter_containment_10%,26,22,93,258,0.5416666666666666,0.2184873949579832,0.7117794486215538,0.31137724550898205,119,280,119,75,25
RC-2409,cjHerHutc3,sourmash_db_filter_containment_20%,26,22,93,258,0.5416666666666666,0.2184873949579832,0.7117794486215538,0.31137724550898205,119,280,119,75,25
RC-2409,cjHerHutc3,sourmash_db_filter_kmers_2,27,47,92,233,0.36486486486486486,0.226890756302521,0.6516290726817042,0.27979274611398963,119,280,119,75,25
RC-2409,cjHerHutc3,sourmash_db_filter_kmers_10,26,24,93,256,0.52,0.2184873949579832,0.706766917293233,0.3076923076923077,119,280,119,75,25
RC-2409,cjHerHutc3,sourmash_db_filter_kmers_50,1,0,118,280,1.0,0.008403361344537815,0.7042606516290727,0.016666666666666666,119,280,119,75,0
RC-2409,cjHerHutc3,sourmash_db_filter_kmers_100,1,0,118,280,1.0,0.008403361344537815,0.7042606516290727,0.016666666666666666,119,280,119,75,0
RC-2501,iyVulBima1,fcs,982,296,0,53,0.7683881064162754,1.0,0.777610818933133,0.8690265486725663,982,349,-,407,407
RC-2501,iyVulBima1,tiara,955,349,27,0,0.7323619631901841,0.9725050916496945,0.7175056348610067,0.8355205599300087,982,349,-,407,395
RC-2501,iyVulBima1,fcs+tiara,956,296,26,53,0.7635782747603834,0.9735234215885947,0.758076634109692,0.8558639212175471,982,349,-,407,395
RC-2501,iyVulBima1,sourmash_without_filters,982,348,0,1,0.7383458646616541,1.0,0.7385424492862509,0.8494809688581314,982,349,4,407,407
RC-2501,iyVulBima1,sourmash_db_filter_published_assembly,976,348,6,1,0.7371601208459214,0.9938900203665988,0.7340345604808415,0.8464874241110149,982,349,179,407,406
RC-2501,iyVulBima1,sourmash_db_filter_topN_3,813,320,169,29,0.7175639894086496,0.8279022403258656,0.6326070623591284,0.7687943262411348,982,349,179,407,354
RC-2501,iyVulBima1,sourmash_db_filter_topN_10,816,327,166,22,0.7139107611548556,0.8309572301425662,0.6296018031555222,0.768,982,349,179,407,354
RC-2501,iyVulBima1,sourmash_db_filter_topN_50,818,327,164,22,0.714410480349345,0.8329938900203666,0.6311044327573253,0.7691584391161259,982,349,179,407,354
RC-2501,iyVulBima1,sourmash_db_filter_topN_100,818,327,164,22,0.714410480349345,0.8329938900203666,0.6311044327573253,0.7691584391161259,982,349,179,407,354
RC-2501,iyVulBima1,sourmash_db_filter_containment_0%,818,327,164,22,0.714410480349345,0.8329938900203666,0.6311044327573253,0.7691584391161259,982,349,179,407,354
RC-2501,iyVulBima1,sourmash_db_filter_containment_1%,818,327,164,22,0.714410480349345,0.8329938900203666,0.6311044327573253,0.7691584391161259,982,349,179,407,354
RC-2501,iyVulBima1,sourmash_db_filter_containment_10%,488,185,494,164,0.725111441307578,0.4969450101832994,0.4898572501878287,0.5897280966767372,982,349,179,407,128
RC-2501,iyVulBima1,sourmash_db_filter_containment_20%,273,76,709,273,0.7822349570200573,0.2780040733197556,0.41021788129226144,0.41021788129226144,982,349,179,407,13
RC-2501,iyVulBima1,sourmash_db_filter_kmers_2,671,309,311,40,0.6846938775510204,0.6832993890020367,0.5341848234410218,0.6839959225280325,982,349,179,407,282
RC-2501,iyVulBima1,sourmash_db_filter_kmers_10,514,257,468,92,0.6666666666666666,0.5234215885947047,0.4552967693463561,0.5864232743867654,982,349,179,407,237
RC-2501,iyVulBima1,sourmash_db_filter_kmers_50,103,132,879,217,0.43829787234042555,0.10488798370672098,0.24042073628850488,0.16926869350862778,982,349,179,407,98
RC-2501,iyVulBima1,sourmash_db_filter_kmers_100,52,55,930,294,0.48598130841121495,0.05295315682281059,0.2599549211119459,0.09550045913682279,982,349,179,407,49
RC-2505,jaSteInte3,fcs,596,770,0,434,0.4363103953147877,1.0,0.5722222222222222,0.6075433231396534,596,1204,-,47,47
RC-2505,jaSteInte3,tiara,596,933,0,271,0.3897972531066056,1.0,0.4816666666666667,0.5609411764705883,596,1204,-,47,47
RC-2505,jaSteInte3,fcs+tiara,596,624,0,580,0.4885245901639344,1.0,0.6533333333333333,0.6563876651982379,596,1204,-,47,47
RC-2505,jaSteInte3,sourmash_without_filters,596,894,0,310,0.4,1.0,0.5033333333333333,0.5714285714285715,596,1204,126,47,47
RC-2505,jaSteInte3,sourmash_db_filter_published_assembly,562,853,34,351,0.3971731448763251,0.9429530201342282,0.5072222222222222,0.5589259075087021,596,1204,583,47,47
RC-2505,jaSteInte3,sourmash_db_filter_topN_3,371,319,225,885,0.5376811594202898,0.62248322147651,0.6977777777777778,0.5769828926905132,596,1204,583,47,41
RC-2505,jaSteInte3,sourmash_db_filter_topN_10,378,333,218,871,0.5316455696202531,0.6342281879194631,0.6938888888888889,0.5784238714613619,596,1204,583,47,41
RC-2505,jaSteInte3,sourmash_db_filter_topN_50,382,369,214,835,0.5086551264980027,0.6409395973154363,0.6761111111111111,0.5671863400148479,596,1204,583,47,41
RC-2505,jaSteInte3,sourmash_db_filter_topN_100,386,392,210,812,0.4961439588688946,0.6476510067114094,0.6655555555555556,0.5618631732168851,596,1204,583,47,41
RC-2505,jaSteInte3,sourmash_db_filter_containment_0%,387,445,209,759,0.4651442307692308,0.6493288590604027,0.6366666666666667,0.542016806722689,596,1204,583,47,41
RC-2505,jaSteInte3,sourmash_db_filter_containment_1%,387,445,209,759,0.4651442307692308,0.6493288590604027,0.6366666666666667,0.542016806722689,596,1204,583,47,41
RC-2505,jaSteInte3,sourmash_db_filter_containment_10%,47,68,549,1136,0.40869565217391307,0.07885906040268456,0.6572222222222223,0.1322081575246132,596,1204,583,47,0
RC-2505,jaSteInte3,sourmash_db_filter_containment_20%,33,36,563,1168,0.4782608695652174,0.05536912751677853,0.6672222222222223,0.09924812030075188,596,1204,583,47,0
RC-2505,jaSteInte3,sourmash_db_filter_kmers_2,259,139,337,1065,0.6507537688442211,0.43456375838926176,0.7355555555555555,0.5211267605633803,596,1204,583,47,41
RC-2505,jaSteInte3,sourmash_db_filter_kmers_10,128,42,468,1162,0.7529411764705882,0.21476510067114093,0.7166666666666667,0.3342036553524804,596,1204,583,47,40
RC-2505,jaSteInte3,sourmash_db_filter_kmers_50,23,1,573,1203,0.9583333333333334,0.03859060402684564,0.6811111111111111,0.07419354838709677,596,1204,583,47,16
RC-2505,jaSteInte3,sourmash_db_filter_kmers_100,12,0,584,1204,1.0,0.020134228187919462,0.6755555555555556,0.03947368421052631,596,1204,583,47,10
RC-2515,xgEntOest1,fcs,1887,1179,0,149,0.6154598825831703,1.0,0.6332814930015552,0.7619624470018171,1887,1328,-,309,309
RC-2515,xgEntOest1,tiara,1887,1020,0,308,0.6491228070175439,1.0,0.6827371695178849,0.7872340425531915,1887,1328,-,309,309
RC-2515,xgEntOest1,fcs+tiara,1887,1026,0,302,0.6477857878475798,1.0,0.6808709175738725,0.7862499999999999,1887,1328,-,309,309
RC-2515,xgEntOest1,sourmash_without_filters,1665,985,222,343,0.6283018867924528,0.8823529411764706,0.6245723172628305,0.7339651752259202,1887,1328,2552,309,301
RC-2515,xgEntOest1,sourmash_db_filter_published_assembly,1665,985,222,343,0.6283018867924528,0.8823529411764706,0.6245723172628305,0.7339651752259202,1887,1328,2552,309,301
RC-2515,xgEntOest1,sourmash_db_filter_topN_3,17,0,1870,1328,1.0,0.009009009009009009,0.41835147744945567,0.01785714285714286,1887,1328,2552,309,3
RC-2515,xgEntOest1,sourmash_db_filter_topN_10,20,0,1867,1328,1.0,0.010598834128245893,0.4192846034214619,0.02097535395909806,1887,1328,2552,309,3
RC-2515,xgEntOest1,sourmash_db_filter_topN_50,28,4,1859,1324,0.875,0.01483836777954425,0.42052877138413686,0.02918186555497655,1887,1328,2552,309,4
RC-2515,xgEntOest1,sourmash_db_filter_topN_100,34,7,1853,1321,0.8292682926829268,0.018018018018018018,0.4214618973561431,0.035269709543568464,1887,1328,2552,309,6
RC-2515,xgEntOest1,sourmash_db_filter_containment_0%,71,27,1816,1301,0.7244897959183674,0.03762586115527292,0.42674961119751165,0.07153652392947105,1887,1328,2552,309,11
RC-2515,xgEntOest1,sourmash_db_filter_containment_1%,71,27,1816,1301,0.7244897959183674,0.03762586115527292,0.42674961119751165,0.07153652392947105,1887,1328,2552,309,11
RC-2515,xgEntOest1,sourmash_db_filter_containment_10%,11,1,1876,1327,0.9166666666666666,0.005829358770535241,0.4161741835147745,0.01158504476040021,1887,1328,2552,309,2
RC-2515,xgEntOest1,sourmash_db_filter_containment_20%,9,0,1878,1328,1.0,0.0047694753577106515,0.41586314152410575,0.00949367088607595,1887,1328,2552,309,0
RC-2515,xgEntOest1,sourmash_db_filter_kmers_2,29,2,1858,1326,0.9354838709677419,0.015368309485956544,0.4214618973561431,0.030239833159541187,1887,1328,2552,309,10
RC-2515,xgEntOest1,sourmash_db_filter_kmers_10,12,0,1875,1328,1.0,0.006359300476947536,0.416796267496112,0.01263823064770932,1887,1328,2552,309,3
RC-2515,xgEntOest1,sourmash_db_filter_kmers_50,1,0,1886,1328,1.0,0.0005299417064122947,0.41337480559875583,0.0010593220338983053,1887,1328,2552,309,0
RC-2515,xgEntOest1,sourmash_db_filter_kmers_100,1,0,1886,1328,1.0,0.0005299417064122947,0.41337480559875583,0.0010593220338983053,1887,1328,2552,309,0
RC-2649,laPotNata1,fcs,685,1009,0,36,0.40436835891381345,1.0,0.4167630057803468,0.5758722152164776,685,1045,-,31,31
RC-2649,laPotNata1,tiara,685,915,0,130,0.428125,1.0,0.47109826589595377,0.599562363238512,685,1045,-,31,31
RC-2649,laPotNata1,fcs+tiara,685,976,0,69,0.4124021673690548,1.0,0.43583815028901735,0.5839727195225917,685,1045,-,31,31
RC-2649,laPotNata1,sourmash_without_filters,685,1041,0,4,0.39687137891077634,1.0,0.3982658959537572,0.5682289506428868,685,1045,112,31,31
RC-2649,laPotNata1,sourmash_db_filter_published_assembly,680,1039,5,6,0.3955788248981966,0.9927007299270073,0.3965317919075145,0.5657237936772047,685,1045,390,31,31
RC-2649,laPotNata1,sourmash_db_filter_topN_3,1,806,684,239,0.0012391573729863693,0.00145985401459854,0.13872832369942195,0.0013404825737265416,685,1045,390,31,0
RC-2649,laPotNata1,sourmash_db_filter_topN_10,3,850,682,195,0.0035169988276670576,0.004379562043795621,0.11445086705202312,0.003901170351105332,685,1045,390,31,0
RC-2649,laPotNata1,sourmash_db_filter_topN_50,12,862,673,183,0.013729977116704805,0.017518248175182483,0.11271676300578035,0.015394483643361129,685,1045,390,31,0
RC-2649,laPotNata1,sourmash_db_filter_topN_100,14,862,671,183,0.01598173515981735,0.020437956204379562,0.1138728323699422,0.017937219730941704,685,1045,390,31,0
RC-2649,laPotNata1,sourmash_db_filter_containment_0%,421,908,264,137,0.31677953348382243,0.6145985401459854,0.3225433526011561,0.41807348560079444,685,1045,390,31,1
RC-2649,laPotNata1,sourmash_db_filter_containment_1%,421,908,264,137,0.31677953348382243,0.6145985401459854,0.3225433526011561,0.41807348560079444,685,1045,390,31,1
RC-2649,laPotNata1,sourmash_db_filter_containment_10%,399,874,286,171,0.31343283582089554,0.5824817518248175,0.32947976878612717,0.40755873340143006,685,1045,390,31,0
RC-2649,laPotNata1,sourmash_db_filter_containment_20%,2,430,683,615,0.004629629629629629,0.00291970802919708,0.35664739884393065,0.003581020590868397,685,1045,390,31,0
RC-2649,laPotNata1,sourmash_db_filter_kmers_2,414,908,271,137,0.31316187594553707,0.6043795620437956,0.3184971098265896,0.41255605381165916,685,1045,390,31,1
RC-2649,laPotNata1,sourmash_db_filter_kmers_10,5,846,680,199,0.005875440658049354,0.0072992700729927005,0.11791907514450867,0.006510416666666667,685,1045,390,31,1
RC-2649,laPotNata1,sourmash_db_filter_kmers_50,2,292,683,753,0.006802721088435374,0.00291970802919708,0.43641618497109824,0.0040858018386108275,685,1045,390,31,0
RC-2649,laPotNata1,sourmash_db_filter_kmers_100,1,6,684,1039,0.14285714285714285,0.00145985401459854,0.6011560693641619,0.002890173410404624,685,1045,390,31,0
RC-2743,drTorJapo1,fcs,190,437,0,338,0.30303030303030304,1.0,0.5471502590673575,0.4651162790697675,190,775,-,151,151
RC-2743,drTorJapo1,tiara,190,558,0,217,0.2540106951871658,1.0,0.42176165803108806,0.40511727078891263,190,775,-,151,151
RC-2743,drTorJapo1,fcs+tiara,190,416,0,359,0.31353135313531355,1.0,0.5689119170984456,0.4773869346733668,190,775,-,151,151
RC-2743,drTorJapo1,sourmash_without_filters,190,577,0,198,0.24771838331160365,1.0,0.40207253886010363,0.39707419017763845,190,775,151,151,151
RC-2743,drTorJapo1,sourmash_db_filter_published_assembly,189,576,1,199,0.24705882352941178,0.9947368421052631,0.40207253886010363,0.3958115183246073,190,775,165,151,150
RC-2743,drTorJapo1,sourmash_db_filter_topN_3,175,416,15,359,0.2961082910321489,0.9210526315789473,0.5533678756476684,0.44814340588988477,190,775,165,151,143
RC-2743,drTorJapo1,sourmash_db_filter_topN_10,175,418,15,357,0.2951096121416526,0.9210526315789473,0.5512953367875648,0.44699872286079184,190,775,165,151,143
RC-2743,drTorJapo1,sourmash_db_filter_topN_50,175,421,15,354,0.2936241610738255,0.9210526315789473,0.5481865284974093,0.44529262086513993,190,775,165,151,143
RC-2743,drTorJapo1,sourmash_db_filter_topN_100,175,422,15,353,0.2931323283082077,0.9210526315789473,0.5471502590673575,0.4447268106734434,190,775,165,151,143
RC-2743,drTorJapo1,sourmash_db_filter_containment_0%,176,424,14,351,0.29333333333333333,0.9263157894736842,0.5461139896373057,0.4455696202531646,190,775,165,151,143
RC-2743,drTorJapo1,sourmash_db_filter_containment_1%,176,424,14,351,0.29333333333333333,0.9263157894736842,0.5461139896373057,0.4455696202531646,190,775,165,151,143
RC-2743,drTorJapo1,sourmash_db_filter_containment_10%,93,408,97,367,0.18562874251497005,0.48947368421052634,0.47668393782383417,0.2691751085383502,190,775,165,151,89
RC-2743,drTorJapo1,sourmash_db_filter_containment_20%,79,403,111,372,0.16390041493775934,0.41578947368421054,0.46735751295336786,0.23511904761904764,190,775,165,151,76
RC-2743,drTorJapo1,sourmash_db_filter_kmers_2,168,409,22,366,0.29116117850953205,0.8842105263157894,0.5533678756476684,0.43807040417209914,190,775,165,151,140
RC-2743,drTorJapo1,sourmash_db_filter_kmers_10,128,404,62,371,0.24060150375939848,0.6736842105263158,0.5170984455958549,0.3545706371191136,190,775,165,151,121
RC-2743,drTorJapo1,sourmash_db_filter_kmers_50,23,334,167,441,0.06442577030812324,0.12105263157894737,0.48082901554404145,0.08409506398537478,190,775,165,151,21
RC-2743,drTorJapo1,sourmash_db_filter_kmers_100,11,106,179,669,0.09401709401709402,0.05789473684210526,0.7046632124352331,0.07166123778501628,190,775,165,151,10
RC-2788,caAndHook4,fcs,140,19,0,36,0.8805031446540881,1.0,0.9025641025641026,0.9364548494983278,140,55,-,137,137
RC-2788,caAndHook4,tiara,140,20,0,35,0.875,1.0,0.8974358974358975,0.9333333333333333,140,55,-,137,137
RC-2788,caAndHook4,fcs+tiara,140,17,0,38,0.89171974522293,1.0,0.9128205128205128,0.9427609427609428,140,55,-,137,137
RC-2788,caAndHook4,sourmash_without_filters,140,43,0,12,0.7650273224043715,1.0,0.7794871794871795,0.8668730650154799,140,55,26,137,137
RC-2788,caAndHook4,sourmash_db_filter_published_assembly,92,26,48,29,0.7796610169491526,0.6571428571428571,0.6205128205128205,0.7131782945736433,140,55,117,137,89
RC-2788,caAndHook4,sourmash_db_filter_topN_3,1,0,139,55,1.0,0.007142857142857143,0.28717948717948716,0.014184397163120567,140,55,117,137,0
RC-2788,caAndHook4,sourmash_db_filter_topN_10,1,0,139,55,1.0,0.007142857142857143,0.28717948717948716,0.014184397163120567,140,55,117,137,0
RC-2788,caAndHook4,sourmash_db_filter_topN_50,1,0,139,55,1.0,0.007142857142857143,0.28717948717948716,0.014184397163120567,140,55,117,137,0
RC-2788,caAndHook4,sourmash_db_filter_topN_100,1,0,139,55,1.0,0.007142857142857143,0.28717948717948716,0.014184397163120567,140,55,117,137,0
RC-2788,caAndHook4,sourmash_db_filter_containment_0%,1,0,139,55,1.0,0.007142857142857143,0.28717948717948716,0.014184397163120567,140,55,117,137,0
RC-2788,caAndHook4,sourmash_db_filter_containment_1%,1,0,139,55,1.0,0.007142857142857143,0.28717948717948716,0.014184397163120567,140,55,117,137,0
RC-2788,caAndHook4,sourmash_db_filter_containment_10%,1,0,139,55,1.0,0.007142857142857143,0.28717948717948716,0.014184397163120567,140,55,117,137,0
RC-2788,caAndHook4,sourmash_db_filter_containment_20%,1,0,139,55,1.0,0.007142857142857143,0.28717948717948716,0.014184397163120567,140,55,117,137,0
RC-2788,caAndHook4,sourmash_db_filter_kmers_2,1,0,139,55,1.0,0.007142857142857143,0.28717948717948716,0.014184397163120567,140,55,117,137,0
RC-2788,caAndHook4,sourmash_db_filter_kmers_10,1,0,139,55,1.0,0.007142857142857143,0.28717948717948716,0.014184397163120567,140,55,117,137,0
RC-2788,caAndHook4,sourmash_db_filter_kmers_50,1,0,139,55,1.0,0.007142857142857143,0.28717948717948716,0.014184397163120567,140,55,117,137,0
RC-2788,caAndHook4,sourmash_db_filter_kmers_100,1,0,139,55,1.0,0.007142857142857143,0.28717948717948716,0.014184397163120567,140,55,117,137,0
RC-2826,xbHipHipp7,fcs,209,209,0,9859,0.5,1.0,0.9796633258733093,0.6666666666666666,209,10068,-,44,44
RC-2826,xbHipHipp7,tiara,209,10068,0,0,0.020336674126690667,1.0,0.020336674126690667,0.03986267404157925,209,10068,-,44,44
RC-2826,xbHipHipp7,fcs+tiara,209,209,0,9859,0.5,1.0,0.9796633258733093,0.6666666666666666,209,10068,-,44,44
RC-2826,xbHipHipp7,sourmash_without_filters,209,2119,0,7949,0.0897766323024055,1.0,0.7938114235671889,0.1647615293653922,209,10068,17,44,44
RC-2826,xbHipHipp7,sourmash_db_filter_published_assembly,195,1651,14,8417,0.1056338028169014,0.9330143540669856,0.8379877396127274,0.1897810218978102,209,10068,101,44,44
RC-2826,xbHipHipp7,sourmash_db_filter_topN_3,136,98,73,9970,0.5811965811965812,0.6507177033492823,0.9833609029872531,0.6139954853273137,209,10068,101,44,41
RC-2826,xbHipHipp7,sourmash_db_filter_topN_10,137,116,72,9952,0.541501976284585,0.6555023923444976,0.9817067237520677,0.593073593073593,209,10068,101,44,41
RC-2826,xbHipHipp7,sourmash_db_filter_topN_50,138,334,71,9734,0.2923728813559322,0.6602870813397129,0.960591612338231,0.4052863436123348,209,10068,101,44,41
RC-2826,xbHipHipp7,sourmash_db_filter_topN_100,140,647,69,9421,0.17789072426937738,0.6698564593301436,0.9303298628004282,0.28112449799196787,209,10068,101,44,41
RC-2826,xbHipHipp7,sourmash_db_filter_containment_0%,148,1597,61,8471,0.08481375358166189,0.7081339712918661,0.8386688722389802,0.15148413510747186,209,10068,101,44,42
RC-2826,xbHipHipp7,sourmash_db_filter_containment_1%,148,1597,61,8471,0.08481375358166189,0.7081339712918661,0.8386688722389802,0.15148413510747186,209,10068,101,44,42
RC-2826,xbHipHipp7,sourmash_db_filter_containment_10%,70,77,139,9991,0.47619047619047616,0.3349282296650718,0.9789821932470565,0.39325842696629215,209,10068,101,44,18
RC-2826,xbHipHipp7,sourmash_db_filter_containment_20%,17,23,192,10045,0.425,0.08133971291866028,0.9790794979079498,0.1365461847389558,209,10068,101,44,2
RC-2826,xbHipHipp7,sourmash_db_filter_kmers_2,120,637,89,9431,0.15852047556142668,0.5741626794258373,0.9293568161914956,0.24844720496894407,209,10068,101,44,40
RC-2826,xbHipHipp7,sourmash_db_filter_kmers_10,93,40,116,10028,0.6992481203007519,0.4449760765550239,0.9848204729006519,0.543859649122807,209,10068,101,44,39
RC-2826,xbHipHipp7,sourmash_db_filter_kmers_50,40,4,169,10064,0.9090909090909091,0.19138755980861244,0.9831662936654666,0.31620553359683795,209,10068,101,44,30
RC-2826,xbHipHipp7,sourmash_db_filter_kmers_100,36,3,173,10065,0.9230769230769231,0.1722488038277512,0.9828743796827868,0.2903225806451613,209,10068,101,44,29
RC-2962,iyAndClar1,fcs,1275,21,0,15,0.9837962962962963,1.0,0.9839816933638444,0.9918319719953326,1275,36,-,23,23
RC-2962,iyAndClar1,tiara,1275,36,0,0,0.9725400457665904,1.0,0.9725400457665904,0.9860788863109048,1275,36,-,23,23
RC-2962,iyAndClar1,fcs+tiara,1275,21,0,15,0.9837962962962963,1.0,0.9839816933638444,0.9918319719953326,1275,36,-,23,23
RC-2962,iyAndClar1,sourmash_without_filters,1259,35,16,1,0.972952086553323,0.9874509803921568,0.9610983981693364,0.9801479174776179,1275,36,691,23,23
RC-2962,iyAndClar1,sourmash_db_filter_published_assembly,1259,35,16,1,0.972952086553323,0.9874509803921568,0.9610983981693364,0.9801479174776179,1275,36,691,23,23
RC-2962,iyAndClar1,sourmash_db_filter_topN_3,556,10,719,26,0.9823321554770318,0.43607843137254904,0.4439359267734554,0.6040195545898968,1275,36,691,23,23
RC-2962,iyAndClar1,sourmash_db_filter_topN_10,556,18,719,18,0.9686411149825784,0.43607843137254904,0.43783371472158655,0.6014061654948621,1275,36,691,23,23
RC-2962,iyAndClar1,sourmash_db_filter_topN_50,573,20,702,16,0.9662731871838112,0.44941176470588234,0.4492753623188406,0.6134903640256959,1275,36,691,23,23
RC-2962,iyAndClar1,sourmash_db_filter_topN_100,576,20,699,16,0.9664429530201343,0.45176470588235296,0.45156369183829137,0.6157135221806521,1275,36,691,23,23
RC-2962,iyAndClar1,sourmash_db_filter_containment_0%,583,20,692,16,0.966832504145937,0.45725490196078433,0.4569031273836766,0.6208732694355699,1275,36,691,23,23
RC-2962,iyAndClar1,sourmash_db_filter_containment_1%,583,20,692,16,0.966832504145937,0.45725490196078433,0.4569031273836766,0.6208732694355699,1275,36,691,23,23
RC-2962,iyAndClar1,sourmash_db_filter_containment_10%,267,15,1008,21,0.9468085106382979,0.20941176470588235,0.21967963386727687,0.34296724470134876,1275,36,691,23,17
RC-2962,iyAndClar1,sourmash_db_filter_containment_20%,172,13,1103,23,0.9297297297297298,0.1349019607843137,0.14874141876430205,0.23561643835616436,1275,36,691,23,0
RC-2962,iyAndClar1,sourmash_db_filter_kmers_2,386,19,889,17,0.9530864197530864,0.3027450980392157,0.30739893211289093,0.4595238095238095,1275,36,691,23,21
RC-2962,iyAndClar1,sourmash_db_filter_kmers_10,248,15,1027,21,0.9429657794676806,0.19450980392156864,0.2051868802440885,0.32249674902470743,1275,36,691,23,20
RC-2962,iyAndClar1,sourmash_db_filter_kmers_50,31,13,1244,23,0.7045454545454546,0.02431372549019608,0.041189931350114416,0.04700530705079606,1275,36,691,23,18
RC-2962,iyAndClar1,sourmash_db_filter_kmers_100,18,9,1257,27,0.6666666666666666,0.01411764705882353,0.034324942791762014,0.027649769585253454,1275,36,691,23,17
RC-3033,qqTetUrti3,fcs,198,6,0,228,0.9705882352941176,1.0,0.9861111111111112,0.9850746268656716,198,234,-,10,10
RC-3033,qqTetUrti3,tiara,198,234,0,0,0.4583333333333333,1.0,0.4583333333333333,0.6285714285714286,198,234,-,10,10
RC-3033,qqTetUrti3,fcs+tiara,198,6,0,228,0.9705882352941176,1.0,0.9861111111111112,0.9850746268656716,198,234,-,10,10
RC-3033,qqTetUrti3,sourmash_without_filters,198,103,0,131,0.6578073089700996,1.0,0.7615740740740741,0.7935871743486973,198,234,97,10,10
RC-3033,qqTetUrti3,sourmash_db_filter_published_assembly,198,103,0,131,0.6578073089700996,1.0,0.7615740740740741,0.7935871743486973,198,234,97,10,10
RC-3033,qqTetUrti3,sourmash_db_filter_topN_3,130,4,68,230,0.9701492537313433,0.6565656565656566,0.8333333333333334,0.7831325301204819,198,234,97,10,10
RC-3033,qqTetUrti3,sourmash_db_filter_topN_10,196,4,2,230,0.98,0.98989898989899,0.9861111111111112,0.9849246231155778,198,234,97,10,10
RC-3033,qqTetUrti3,sourmash_db_filter_topN_50,196,4,2,230,0.98,0.98989898989899,0.9861111111111112,0.9849246231155778,198,234,97,10,10
RC-3033,qqTetUrti3,sourmash_db_filter_topN_100,196,4,2,230,0.98,0.98989898989899,0.9861111111111112,0.9849246231155778,198,234,97,10,10
RC-3033,qqTetUrti3,sourmash_db_filter_containment_0%,196,8,2,226,0.9607843137254902,0.98989898989899,0.9768518518518519,0.9751243781094527,198,234,97,10,10
RC-3033,qqTetUrti3,sourmash_db_filter_containment_1%,196,8,2,226,0.9607843137254902,0.98989898989899,0.9768518518518519,0.9751243781094527,198,234,97,10,10
RC-3033,qqTetUrti3,sourmash_db_filter_containment_10%,194,3,4,231,0.9847715736040609,0.9797979797979798,0.9837962962962963,0.9822784810126582,198,234,97,10,10
RC-3033,qqTetUrti3,sourmash_db_filter_containment_20%,189,1,9,233,0.9947368421052631,0.9545454545454546,0.9768518518518519,0.9742268041237114,198,234,97,10,10
RC-3033,qqTetUrti3,sourmash_db_filter_kmers_2,196,3,2,231,0.9849246231155779,0.98989898989899,0.9884259259259259,0.9874055415617129,198,234,97,10,10
RC-3033,qqTetUrti3,sourmash_db_filter_kmers_10,192,1,6,233,0.9948186528497409,0.9696969696969697,0.9837962962962963,0.9820971867007673,198,234,97,10,10
RC-3033,qqTetUrti3,sourmash_db_filter_kmers_50,74,0,124,234,1.0,0.37373737373737376,0.7129629629629629,0.5441176470588236,198,234,97,10,10
RC-3033,qqTetUrti3,sourmash_db_filter_kmers_100,38,0,160,234,1.0,0.1919191919191919,0.6296296296296297,0.3220338983050848,198,234,97,10,10
